{"cameraMode":{"drawMode":2,"name":"Shaded Wireframe","section":"Shading Mode"},"sceneLighting":false,"audioPlay":false,"sceneViewState":{"showFog":true,"showMaterialUpdate":false,"showSkybox":false,"showFlares":true,"showImageEffects":true,"showParticleSystems":true},"in2DMode":false,"pivot":{"x":0.9054954051971436,"y":2.6244335174560549,"z":1.6133670806884766},"rotation":{"x":-0.056611090898513797,"y":0.3291211724281311,"z":0.019771507009863855,"w":0.9423859119415283},"size":3.7994635105133058,"orthographic":false}