{"cameraMode":{"drawMode":0,"name":"Shaded","section":"Shading Mode"},"sceneLighting":false,"audioPlay":false,"sceneViewState":{"showFog":true,"showMaterialUpdate":false,"showSkybox":false,"showFlares":true,"showImageEffects":true,"showParticleSystems":true},"in2DMode":false,"pivot":{"x":-19.23027992248535,"y":-4.74858283996582,"z":-11.490147590637207},"rotation":{"x":0.16622696816921235,"y":-0.5971365571022034,"z":0.12821100652217866,"w":0.7741852402687073},"size":59.69458770751953,"orthographic":false}